list univers unit kingdom . list univers colleg colleg higher educ , follow list defunct institut . # # univers univers aberdeen univers abertay dunde anglia ruskin univers , cambridg & chelmsford univers art london camberwel colleg art central saint martin colleg art design chelsea colleg art design london colleg commun london colleg fashion wimbledon colleg art aston univers , birmingham univers bath bath spa univers univers bedfordshir , luton & bedford univers birmingham univers bolton bournemouth univers univers bradford univers brighton univers bristol brunel univers , uxbridg & london univers buckingham univers cambridg canterburi christ church univers , canterburi , thanet , tunbridg well & chatham cardiff univers univers central england , birmingham univers central lancashir , preston univers chester univers chichest citi univers , london coventri univers cranfield univers , cranfield , shrivenham & silso de montfort univers , leicest univers derbi univers dunde durham univers univers east anglia , norwich univers east london edg hill univers , ormskirk univers edinburgh univers essex , colchest & southend-on-sea univers exet univers glamorgan , treforest , pontypridd univers glasgow glasgow caledonian univers univers gloucestershir , cheltenham & gloucest univers greenwich , london heriot-watt univers , edinburgh & galashiel univers hertfordshir , hatfield univers huddersfield univers hull , hull & scarborough keel univers univers kent , canterburi & medway kingston univers lancast univers univers leed leed metropolitan univers univers leicest univers lincoln , lincoln , hull , riseholm & holbeach univers liverpool liverpool hope univers liverpool john moor univers univers london birkbeck , univers london courtauld institut art goldsmith colleg , univers london heythrop colleg imperi colleg london institut cancer research institut educ king 's colleg london london busi school london school econom ( lse ) london school hygien tropic medicin queen mari , univers london royal academi music royal holloway , univers london , egham , surrey royal veterinari colleg st georg 's , univers london school advanc studi institut advanc legal studi institut classic studi institut commonwealth studi institut english studi institut german studi institut histor research institut latin american studi institut romanc studi institut unit state studi warburg institut school orient african studi school pharmaci univers colleg london ( ucl ) univers marin biolog station , millport univers london institut pari london metropolitan univers london south bank univers loughborough univers univers manchest manchest metropolitan univers middlesex univers , london napier univers , edinburgh newcastl univers univers northampton northumbria univers , newcastl upon tyne & carlisl univers nottingham nottingham trent univers open univers , milton keyn ( open-access distanc learn univers ) univers oxford oxford brook univers univers paisley univers plymouth univers portsmouth queen 's univers belfast st mari 's univers colleg stranmilli univers colleg queen margaret univers , edinburgh univers read robert gordon univers , aberdeen roehampton univers , london royal colleg art , london univers st andrew univers salford univers sheffield sheffield hallam univers univers southampton southampton solent univers staffordshir univers , stoke-on-tr , stafford & lichfield univers stirl , bridg allan univers strathclyd , glasgow univers sunderland univers surrey , guildford univers sussex , falmer brighton ( east sussex ) univers teessid , middlesbrough thame valley univers , eal , slough & read univers ulster , colerain , jordanstown , mage belfast univers wale univers wale , aberystwyth univers wale , bangor univers wale , lampet univers wale , newport univers wale , swansea north east wale institut higher educ ( newi ) , wrexham univers wale institut , cardiff ( uwic ) royal welsh colleg music & drama , cardiff swansea institut higher educ triniti colleg , carmarthen univers warwick , coventri univers westminst , london univers west england , bristol univers winchest univers wolverhampton univers worcest univers york york st john univers # # univers colleg list univers colleg uk . note also institut `` univers colleg '' titl legal univers colleg bishop grossetest univers colleg lincoln buckinghamshir chiltern univers colleg , high wycomb & chalfont st peter univers colleg creativ art canterburi , epsom , farnham , maidston & rochest univers colleg falmouth harper adam univers colleg , newport , shropshir st mari 's univers colleg , twickenham , london # # colleg higher educ confus colleg educ , offer differ level qualif art institut bournemouth bell colleg , hamilton & dumfri birmingham colleg food , tourism creativ studi burton colleg , staffordshir citi colleg , birmingham edinburgh colleg art , edinburgh glasgow colleg nautic studi , glasgow glasgow school art , glasgow guildhal school music drama , london hull york medic school leed colleg music liverpool institut perform art newman colleg higher educ , birmingham norwich school art & design ravensbourn colleg design commun , london royal northern colleg music , manchest royal scottish academi music drama , glasgow rose bruford colleg , sidcup colleg st mark & st john , plymouth scottish agricultur colleg , edinburgh triniti saint , leed triniti colleg music , london uhi millennium institut , scottish highland island union theolog colleg , belfast wirral metropolitan colleg writtl colleg , chelmsford # # defunct institut section univers higher educ institut longer exist due either closur , merger , de-merg etc . ; includ institut mere chang name bedford colleg , london citi guild london institut crew alsag colleg higher educ garnett colleg , london kent institut art & design , canterburi , maidston rochest london guildhal univers univers manchest institut scienc technolog ( umist ) nation heart lung institut northern school music , manchest univers north london univers northampton royal colleg scienc , london royal manchest colleg music royal school mine , london la saint union colleg higher educ , southampton univers colleg salford univers colleg scarborough school slavon east european studi , london st. mari 's hospit medic school feder univers surrey surrey institut art & design , univers colleg , farnham epsom new univers ulster ulster polytechn victoria univers , manchest , liverpool leed victoria univers manchest univers wale colleg medicin , cardiff univers wale institut scienc technolog , cardiff westfield colleg , london wye colleg